t_s,alt_m,V_ms,climb_ms,nose_elev,cos_phi_theta,wx,wy,wz,blend,held_bank,freelook
0.000,703.6,283.67,-9.86,-0.0306,0.9995,-0.0187,0.0002,0.0018,0.0000,0.0041,0
0.100,702.6,283.77,-9.88,-0.0306,0.9995,-0.0187,0.0002,0.0008,0.0000,0.0041,0
0.200,701.6,283.87,-9.90,-0.0307,0.9995,-0.0187,0.0002,0.0000,0.0000,0.0043,0
0.300,700.6,283.97,-9.92,-0.0307,0.9995,-0.0170,-0.0029,-0.0004,0.0000,0.0043,0
0.400,699.6,284.06,-9.93,-0.0306,0.9995,-0.0170,-0.0017,0.0021,0.0000,0.0037,0
0.500,698.6,284.16,-9.93,-0.0306,0.9995,-0.0186,0.0001,0.0049,0.0000,0.0028,0
0.600,697.6,284.25,-9.93,-0.0306,0.9995,-0.0187,0.0002,0.0050,0.0000,0.0024,0
0.700,696.6,284.35,-9.94,-0.0307,0.9995,-0.0187,0.0002,0.0038,0.0000,0.0022,0
0.800,695.6,284.44,-9.95,-0.0308,0.9995,-0.0187,0.0002,0.0024,0.0000,0.0021,0
0.900,694.6,284.54,-9.96,-0.0308,0.9995,-0.0187,0.0002,0.0011,0.0000,0.0022,0
1.000,693.6,284.63,-9.98,-0.0309,0.9995,-0.0187,0.0002,0.0002,0.0000,0.0023,0
1.100,692.6,284.73,-9.99,-0.0308,0.9995,-0.0164,-0.0015,-0.0003,0.0000,0.0024,0
1.200,691.6,284.82,-9.99,-0.0307,0.9995,-0.0167,-0.0008,0.0012,0.0000,0.0020,0
1.300,690.6,284.91,-9.97,-0.0306,0.9995,-0.0185,0.0001,0.0027,0.0000,0.0015,0
1.400,689.6,285.01,-9.96,-0.0307,0.9995,-0.0187,0.0002,0.0027,0.0000,0.0013,0
1.500,688.6,285.10,-9.96,-0.0307,0.9995,-0.0187,0.0002,0.0019,0.0000,0.0012,0
1.600,687.6,285.19,-9.97,-0.0309,0.9995,-0.0265,0.0933,0.0202,0.0000,-0.0052,0
1.700,686.6,285.28,-10.06,-0.0326,0.9994,-0.0255,0.2409,0.2518,0.0000,-0.0664,0
1.800,685.6,285.36,-10.09,-0.0303,0.9984,0.0187,0.2227,0.4034,0.0000,-0.1264,0
1.900,684.6,285.43,-9.71,-0.0262,0.9954,0.0853,0.4947,0.5600,0.0000,-0.2075,0
2.000,683.7,285.44,-8.33,-0.0100,0.9863,0.3385,0.6588,0.8074,0.0810,-0.3018,0
2.100,683.0,285.33,-4.96,0.0085,0.9732,0.2020,0.3530,0.6725,0.0000,-0.3639,0
2.200,682.7,285.18,-0.96,0.0202,0.9561,0.2079,0.3248,0.5731,0.0000,-0.4050,0
2.300,682.9,284.99,3.41,0.0367,0.9381,0.3708,0.4755,0.4539,0.0583,-0.4244,0
2.400,683.5,284.69,8.69,0.0559,0.9216,0.3587,0.4930,0.3545,0.1814,-0.4244,0
2.500,684.7,284.31,14.45,0.0752,0.9052,0.4228,0.4749,0.4120,0.3327,-0.4244,0
2.600,686.5,283.83,20.78,0.0932,0.8515,0.5004,0.5906,1.6918,0.8280,-0.4244,0
2.700,688.9,283.26,27.60,0.1059,0.7351,0.6873,0.5895,1.9816,1.0000,-0.4244,0
2.800,692.0,282.63,34.18,0.1231,0.6587,0.4659,0.1919,-1.1277,0.2615,-0.4244,0
2.900,695.8,282.05,39.84,0.1377,0.7278,0.2571,0.1354,-0.2096,0.0000,-0.7002,0
3.000,700.0,281.57,44.06,0.1459,0.7480,0.1410,0.0917,-0.5029,0.0000,-0.6008,0
3.100,704.5,281.19,46.79,0.1507,0.7870,0.0795,0.0711,-0.7655,0.0000,-0.4905,0
3.200,709.3,280.88,48.23,0.1534,0.8330,0.0404,0.0582,-0.8742,0.0000,-0.3919,0
3.300,714.2,280.62,48.67,0.1547,0.8756,0.0154,0.0495,-0.8605,0.0000,-0.3115,0
3.400,719.0,280.41,48.39,0.1537,0.9100,-0.0398,0.0401,-0.7909,0.0000,-0.2446,0
3.500,723.8,280.22,47.46,0.1492,0.9371,-0.0824,0.0162,-0.7424,0.0000,-0.1788,0
3.600,728.5,280.07,45.91,0.1437,0.9584,-0.0734,-0.0114,-0.7198,0.0000,-0.1119,0
3.700,732.9,279.96,43.75,0.1292,0.9767,-0.3320,-0.4543,-0.8967,0.0000,0.0112,0
3.800,737.1,279.88,39.87,0.1017,0.9929,-0.3135,-0.2841,-1.1309,0.0000,0.1533,0
3.900,740.8,279.81,34.84,0.0802,0.9961,-0.1892,-0.1281,-0.8024,0.0000,0.1811,0
4.000,744.1,279.75,29.95,0.0663,0.9934,-0.1414,-0.0944,-0.3689,0.0000,0.1570,0
4.100,746.8,279.70,25.17,0.0458,0.9917,-0.1466,-0.0867,-0.1717,0.0000,0.1491,0
4.200,749.1,279.67,20.61,0.0359,0.9913,-0.0920,-0.0419,0.0110,0.0000,0.1223,0
4.300,750.9,279.66,16.77,0.0295,0.9924,-0.0678,-0.0319,0.1181,0.0000,0.0961,0
4.400,752.4,279.67,13.63,0.0251,0.9941,-0.0523,-0.0255,0.1667,0.0000,0.0731,0
4.500,753.6,279.69,11.11,0.0220,0.9959,-0.0418,-0.0181,0.1814,0.0000,0.0533,0
4.600,754.6,279.72,9.13,0.0199,0.9974,-0.0346,-0.0115,0.1745,0.0000,0.0372,0
4.700,755.4,279.77,7.59,0.0185,0.9984,-0.0296,-0.0067,0.1541,0.0000,0.0250,0
4.800,756.1,279.81,6.41,0.0175,0.9991,-0.0261,-0.0037,0.1272,0.0000,0.0162,0
4.900,756.7,279.87,5.51,0.0167,0.9995,-0.0315,0.0538,0.1052,0.0000,0.0077,0
5.000,757.2,279.93,4.77,0.0134,0.9997,-0.0804,0.7459,1.3473,0.9997,-0.1011,0
5.100,757.7,279.93,4.23,0.0094,0.9785,0.1031,0.7972,1.9827,1.0000,-0.1011,0
5.200,758.1,279.78,4.88,0.0056,0.9180,0.3116,0.7999,1.9995,1.0000,-0.1011,0
5.300,758.7,279.46,7.11,0.0090,0.8444,0.3944,0.5663,0.2704,0.5078,-0.1011,0
5.400,759.6,279.03,9.93,0.0158,0.8710,0.3244,0.4754,-1.1125,0.2371,-0.1011,0
5.500,760.7,278.51,12.11,0.0270,0.9317,0.3171,0.4865,-1.0725,0.1463,-0.1011,0
5.600,762.0,277.95,13.76,0.0351,0.9539,0.1624,0.3998,0.0824,0.0052,-0.3376,0
5.700,763.4,277.38,15.16,0.0356,0.9474,0.1283,0.3580,0.1755,0.0000,-0.3620,0
5.800,765.0,276.79,16.38,0.0325,0.9293,0.1335,0.5666,0.6106,0.1495,-0.3897,0
5.900,766.7,276.18,17.27,0.0286,0.9229,0.0613,0.2437,0.1688,0.0000,-0.4316,0
6.000,768.5,275.66,17.53,0.0282,0.9145,0.0578,0.1432,0.1731,0.0000,-0.4458,0
6.100,770.2,275.26,17.45,0.0296,0.9114,0.0310,0.0890,-0.0319,0.0000,-0.4121,0
6.200,771.9,274.97,17.00,0.0294,0.9168,0.0499,0.2519,-0.1927,0.0000,-0.3747,0
6.300,773.6,274.70,16.16,0.0224,0.9173,0.0938,0.2021,0.2469,0.0000,-0.4297,0
6.400,775.2,274.48,15.66,0.0288,0.8459,-0.0141,-0.1217,1.9394,1.0000,-0.4297,0
6.500,776.7,274.38,15.71,0.0354,0.7241,-0.0137,-0.0793,1.9981,1.0000,-0.4297,0
6.600,778.3,274.31,16.31,0.0384,0.5703,0.9498,0.7336,1.9937,1.0000,-0.7764,0
6.700,780.0,274.07,17.76,0.0251,0.4291,1.0880,0.6896,1.2352,1.0000,-0.7764,0
6.800,781.9,273.66,19.07,0.0365,0.3489,1.1042,0.2438,0.6768,1.0000,-0.7764,0
6.900,783.9,273.18,20.85,0.0548,0.3024,0.3044,-0.0004,-0.6433,0.2644,-0.7764,0
7.000,786.0,272.84,22.62,0.0575,0.3805,-0.0120,0.1197,-0.9730,0.0000,-0.9588,0
7.100,788.4,272.63,23.24,0.0414,0.5217,-0.2848,0.1486,-1.9224,0.0000,-0.6005,0
7.200,790.6,272.50,21.82,0.0249,0.6758,-0.0810,-0.0009,-1.3670,0.0000,-0.3399,0
7.300,792.7,272.43,19.52,0.0292,0.7908,-0.0197,-0.0750,-1.9585,0.0000,-0.3399,0
7.400,794.5,272.41,17.21,0.0326,0.8960,-0.0207,-0.0565,-1.9986,0.0000,-0.3399,0
7.500,796.1,272.43,15.02,0.0341,0.9661,-0.0220,-0.0416,-2.0000,0.4533,-0.3399,0
7.600,797.5,272.47,13.06,0.0342,0.9977,-0.0226,-0.0311,-2.0000,1.0000,-0.3399,0
7.700,798.7,272.52,11.61,0.0412,0.9891,0.1508,-0.6467,-2.0000,1.0000,0.0245,0
7.800,799.8,272.56,11.39,0.0368,0.9403,0.1820,-0.7904,-2.0000,1.0000,0.0245,0
7.900,801.0,272.50,12.33,0.0399,0.8525,0.5732,-0.7994,-2.0000,1.0000,0.0245,0
8.000,802.4,272.26,15.50,0.0525,0.7279,0.8630,-0.8000,-2.0000,1.0000,0.0245,0
8.100,804.2,271.81,19.83,0.0509,0.5721,1.0003,-0.8000,-2.0000,1.0000,0.0245,0
8.200,806.4,271.17,23.01,0.0364,0.3929,1.0934,-0.6444,-1.9531,1.0000,0.0245,0
8.300,808.7,270.45,23.98,0.0373,0.2619,0.8142,-0.1305,-0.8801,1.0000,0.0245,0
8.400,811.1,269.87,24.12,0.0520,0.1980,0.7733,-0.0137,-0.4691,1.0000,0.0245,0
8.500,813.5,269.41,24.38,0.0681,0.1657,0.8764,0.0100,-0.2332,1.0000,0.0245,0
8.600,816.0,269.01,25.26,0.0844,0.2251,0.6336,0.0054,1.6644,0.5223,0.0245,0
8.700,818.7,268.65,27.76,0.1009,0.3553,0.9697,-0.1984,-0.1420,0.9599,0.0245,0
8.800,821.6,268.25,31.53,0.1232,0.4555,0.6405,-0.0780,1.8793,0.1778,0.0245,0
8.900,825.0,267.85,36.31,0.1425,0.6121,0.5237,-0.1439,1.9955,0.0419,0.0245,0
9.000,828.9,267.47,41.13,0.1572,0.6631,0.2270,-0.0910,0.4103,0.0000,0.7318,0
9.100,833.3,267.16,44.87,0.1641,0.7059,0.1454,-0.0936,0.8094,0.0000,0.5981,0
9.200,837.9,266.91,47.45,0.1684,0.7629,0.1058,-0.0983,0.9427,0.0000,0.4923,0
9.300,842.7,266.68,49.04,0.1717,0.8166,0.0989,-0.0909,0.9261,0.0000,0.4080,0
9.400,847.7,266.48,50.00,0.1751,0.8567,0.0883,-0.1355,0.7076,0.0000,0.3755,0
9.500,852.7,266.29,50.52,0.1769,0.8855,0.0320,-0.0688,0.6357,0.0000,0.3225,0
9.600,857.8,266.13,50.44,0.1706,0.9117,-0.1235,-0.0779,0.6517,0.0000,0.2568,0
9.700,862.8,265.99,49.21,0.1576,0.9360,-0.2194,-0.1531,0.6384,0.0000,0.1997,0
9.800,867.5,265.85,46.08,0.1176,0.9559,-0.3882,-0.2895,0.2770,0.1712,0.1882,0
9.900,871.8,265.69,40.46,0.0706,0.9576,-0.3917,-0.3975,0.0268,1.0000,0.2766,0
10.000,875.5,265.50,33.00,0.0257,0.9602,-0.3919,-0.2791,0.0285,1.0000,0.2766,0
10.100,878.3,265.32,24.33,-0.0162,0.9610,-0.3921,-0.1643,0.0186,0.9644,0.2766,0
10.200,880.3,265.18,14.93,-0.0564,0.9599,-0.3753,-0.1460,0.0093,0.7143,0.2766,0
10.300,881.2,265.09,5.13,-0.0951,0.9572,-0.3868,-0.1026,0.0018,0.0887,0.2766,0
10.400,881.2,265.06,-4.35,-0.1075,0.9589,0.1532,0.0505,0.2561,0.0000,0.2087,0
10.500,880.4,265.13,-10.36,-0.0783,0.9703,0.4726,0.2176,0.4115,0.0000,0.1492,0
10.600,879.3,265.27,-10.72,-0.0019,0.9833,0.5902,0.2423,0.5634,0.7003,0.1345,0
10.700,878.4,265.42,-7.14,0.0133,0.9996,-0.0121,0.6757,1.9309,1.0000,0.1345,0
10.800,877.9,265.54,-4.34,0.0073,0.9852,-0.0217,0.7909,1.9972,1.0000,0.1345,0
10.900,877.5,265.57,-2.57,-0.0145,0.9314,-0.0209,0.7993,1.9999,1.0000,0.1345,0
11.000,877.3,265.46,-2.06,-0.0509,0.8406,-0.0194,0.8000,2.0000,1.0000,0.1345,0
11.100,877.1,265.20,-3.21,-0.1000,0.7170,-0.0172,0.8000,2.0000,1.0000,0.1345,0
11.200,876.6,264.82,-6.47,-0.1596,0.5663,-0.0146,0.8000,2.0000,1.0000,0.1345,0
11.300,875.6,264.33,-11.98,-0.2145,0.4011,0.7121,0.8000,2.0000,1.0000,0.1345,0
11.400,874.1,263.71,-18.71,-0.2562,0.2399,1.0516,0.8000,2.0000,1.0000,0.1345,0
11.500,871.8,262.94,-27.84,-0.3130,0.0812,1.0524,0.8000,2.0000,1.0000,0.1345,0
11.600,868.3,262.17,-40.69,-0.3857,-0.0789,0.6125,0.8000,2.0000,1.0000,0.1345,0
11.700,863.4,261.56,-56.87,-0.4640,-0.2343,0.5375,0.8000,2.0000,1.0000,0.1345,0
11.800,856.7,261.12,-75.52,-0.5449,-0.3668,0.6236,0.8000,2.0000,1.0000,0.1345,0
11.900,848.0,260.83,-96.12,-0.6265,-0.4672,0.6752,0.8000,2.0000,1.0000,0.1345,0
12.000,837.2,260.65,-117.98,-0.7038,-0.5322,0.6896,0.8000,2.0000,1.0000,0.1345,0
12.100,824.2,260.58,-140.20,-0.7719,-0.5593,0.6975,0.8000,2.0000,1.0000,0.1345,0
12.200,809.0,260.62,-161.80,-0.8274,-0.5470,0.7060,0.8000,2.0000,1.0000,0.1345,0
12.300,791.8,260.75,-181.81,-0.8672,-0.4959,0.7123,0.8000,2.0000,1.0000,0.1345,0
12.400,772.6,260.95,-199.32,-0.8890,-0.4087,0.7151,0.8000,2.0000,1.0000,0.1345,0
12.500,751.9,261.21,-213.52,-0.8914,-0.2899,0.7149,0.8000,2.0000,1.0000,0.1345,0
12.600,729.9,261.52,-223.70,-0.8741,-0.1459,0.7127,0.8000,2.0000,1.0000,0.1345,0
12.700,707.2,261.86,-229.35,-0.8378,0.0160,0.7091,0.8000,2.0000,1.0000,0.1345,0
12.800,684.2,262.20,-230.17,-0.7845,0.1874,0.7044,0.8000,2.0000,1.0000,0.1345,0
12.900,661.4,262.53,-226.13,-0.7171,0.3596,0.6992,0.8000,2.0000,1.0000,0.1345,0
13.000,639.2,262.83,-217.41,-0.6389,0.5238,0.6940,0.8000,2.0000,1.0000,0.1345,0
13.100,618.1,263.09,-204.47,-0.5542,0.6715,0.6893,0.8000,2.0000,1.0000,0.1345,0
13.200,598.5,263.29,-187.98,-0.4674,0.7954,0.6853,0.8000,2.0000,1.0000,0.1345,0
13.300,580.8,263.42,-168.82,-0.3829,0.8891,0.6825,0.8000,2.0000,1.0000,0.1345,0
13.400,565.0,263.48,-148.06,-0.3079,0.9407,0.6902,-0.0105,0.1545,1.0000,0.1345,0
13.500,551.3,263.60,-128.99,-0.2910,0.9443,-0.0518,0.7195,0.0363,1.0000,0.1423,0
13.600,539.1,263.71,-115.12,-0.2933,0.9412,-0.2100,0.6424,0.1130,0.6631,0.1423,0
13.700,528.2,263.76,-105.79,-0.2949,0.9405,-0.0451,0.3890,0.2065,0.0000,0.1084,0
13.800,518.0,263.79,-98.63,-0.2810,0.9545,0.2089,0.4811,1.2506,0.0077,-0.1464,0
13.900,508.5,263.77,-90.84,-0.2445,0.9696,0.4871,0.4338,1.4668,0.4031,-0.1637,0
14.000,500.0,263.72,-81.05,-0.1969,0.9701,0.5233,0.2347,1.2959,0.6122,-0.1637,0
14.100,492.5,263.67,-69.41,-0.1349,0.9563,0.8064,0.1262,1.1771,0.9804,-0.1637,0
14.200,486.3,263.61,-55.30,-0.0521,0.9376,0.9692,0.0571,0.7113,1.0000,-0.1637,0
14.300,481.6,263.50,-38.39,0.0437,0.9162,1.0809,0.1139,0.5396,1.0000,-0.1637,0
14.400,478.8,263.28,-19.08,0.1346,0.8867,0.9470,0.0567,0.3435,1.0000,-0.1637,0
14.500,478.0,262.99,0.96,0.2088,0.8576,0.8363,0.1412,0.3356,1.0000,-0.1637,0
14.600,479.1,262.66,20.18,0.2555,0.8333,0.1428,0.0453,-0.3697,0.0000,-0.4072,1
14.700,482.0,262.41,35.15,0.2596,0.8622,0.1522,0.0056,-0.2139,0.0000,-0.2670,1
14.800,486.2,262.20,47.48,0.3186,0.8435,0.9528,0.0051,-0.0058,0.0000,-0.2670,1
14.900,491.7,261.88,62.20,0.4060,0.8052,1.0844,0.0050,-0.0054,0.0000,-0.2670,1
15.000,498.8,261.43,79.47,0.4930,0.7553,1.1032,0.0050,-0.0055,0.0000,-0.2670,1
15.100,507.8,260.84,98.10,0.5681,0.7007,0.9256,0.0049,-0.0055,0.0000,-0.2670,1
15.200,518.6,260.18,116.30,0.6278,0.6481,0.8466,0.0049,-0.0054,0.0000,-0.2670,1
15.300,531.2,259.46,133.31,0.6816,0.5915,0.8630,0.0050,-0.0053,0.0000,-0.2670,1
15.400,545.3,258.69,149.10,0.7313,0.5291,0.8781,0.0050,-0.0052,0.0000,-0.2670,1
15.500,561.1,257.86,163.67,0.7755,0.4621,0.8784,0.0050,-0.0052,0.0000,-0.2670,1
15.600,578.1,256.99,176.71,0.8119,0.3393,0.8764,0.0057,1.8384,0.0000,-0.2670,1
15.700,596.4,256.06,187.22,0.8347,0.1671,0.9052,0.0071,1.9917,0.0000,-0.2670,1
15.800,615.6,255.07,194.68,0.8418,-0.0192,0.9707,0.0079,1.9996,0.0000,-0.2670,1
15.900,635.3,254.01,198.84,0.8302,-0.2100,1.0350,0.0081,2.0000,0.0000,-0.2670,1
16.000,655.2,252.88,199.50,0.7981,-0.3945,1.0846,0.0075,2.0000,0.0000,-0.2670,1
16.100,675.1,251.70,196.55,0.7457,-0.5611,1.1027,0.0062,2.0000,0.0000,-0.2670,1
16.200,694.4,250.50,190.05,0.6763,-0.6990,1.1058,0.0043,2.0000,0.0000,-0.2670,1
16.300,712.9,249.29,180.34,0.5937,-0.8005,1.1063,0.0020,2.0000,0.0000,-0.2670,1
16.400,730.3,248.12,167.93,0.5023,-0.8604,1.1064,-0.0007,2.0000,0.0000,-0.2670,1
16.500,746.3,246.98,153.41,0.4069,-0.8757,1.1064,-0.0036,2.0000,0.0000,-0.2670,1
16.600,760.8,245.91,137.46,0.3122,-0.8455,1.1064,-0.0065,2.0000,0.0000,-0.2670,1
16.700,773.6,244.90,120.79,0.2233,-0.7715,1.1064,-0.0092,2.0001,0.0000,-0.2670,1
16.800,784.8,243.97,104.09,0.1443,-0.6571,1.1148,-0.0117,2.0190,0.0000,-0.2670,1
16.900,794.3,243.11,88.09,0.0791,-0.5064,1.1277,-0.0137,2.0438,0.0000,-0.2670,1
17.000,802.3,242.31,73.49,0.0318,-0.3265,1.1407,-0.0152,2.0672,0.0000,-0.2670,1
17.100,809.0,241.57,60.98,0.0056,-0.1266,1.1529,-0.0161,2.0891,0.0000,-0.2670,1
17.200,814.5,240.93,50.83,0.0019,-0.0794,0.0277,-0.0162,0.0114,0.0000,1.6805,0
17.300,819.1,240.54,42.37,0.0019,-0.0798,-0.0138,-0.0158,-0.0045,0.0000,1.6805,0
17.400,823.0,240.33,35.28,0.0019,-0.0804,-0.0113,-0.0155,-0.0051,0.0000,1.6805,0
17.500,826.1,240.24,29.30,-0.0031,-0.0810,0.1233,-0.2618,-0.0054,0.0000,1.6805,0
17.600,828.8,240.19,23.59,-0.0335,-0.0813,0.2481,-0.3583,-0.0054,0.0000,1.6805,0
17.700,830.8,240.13,17.55,-0.0778,0.0390,0.3013,-0.6477,1.8989,0.2265,0.9489,0
17.800,832.2,240.02,10.74,-0.1352,0.0990,0.1370,-0.6207,0.1295,0.1231,1.4709,0
17.900,832.9,239.84,2.99,-0.1920,0.0879,-0.0326,-0.7022,0.0554,0.3407,1.4709,0
18.000,832.7,239.60,-5.86,-0.2571,0.0926,-0.1023,-0.5528,-0.1103,0.1352,1.4709,0
18.100,831.6,239.33,-15.39,-0.3049,0.0405,-0.1481,-0.5202,-0.4784,0.1680,1.4709,0
18.200,829.5,239.07,-25.22,-0.3501,-0.0013,-0.0920,-0.4538,0.0729,0.2236,1.4709,0
18.300,826.5,238.83,-35.10,-0.3899,0.0003,-0.1077,-0.4576,-0.3003,0.1228,1.4709,0
18.400,822.4,238.63,-44.98,-0.4308,-0.0733,-0.0886,-0.3374,-1.6815,0.8933,1.4709,0
18.500,817.4,238.48,-54.91,-0.4705,-0.2502,0.0034,-0.5521,-1.9641,0.3677,1.4709,0
18.600,811.3,238.36,-65.25,-0.5047,-0.2974,0.0438,-0.3687,-0.0392,0.0000,1.4709,0
18.700,804.3,238.31,-75.12,-0.5344,-0.2954,0.0655,-0.3190,-0.0059,0.0000,1.4709,0
18.800,796.2,238.34,-84.37,-0.5544,-0.2930,0.0498,-0.2419,-0.0057,0.0000,1.4709,0
18.900,787.3,238.47,-92.95,-0.5795,-0.2912,0.0324,-0.3527,-0.0057,0.0000,1.4709,0
19.000,777.6,238.67,-101.04,-0.5946,-0.2902,0.0237,-0.1366,-0.0057,0.0000,1.4709,0
19.100,767.1,238.98,-108.28,-0.6018,-0.2682,0.0098,-0.0574,1.2369,0.0000,1.2192,0
19.200,755.9,239.42,-114.15,-0.5779,-0.1266,-0.0628,0.5566,2.0911,0.0000,0.6944,0
19.300,744.3,240.04,-117.56,-0.5145,0.0494,-0.0159,0.8219,2.1439,0.3960,0.3950,0
19.400,732.5,240.72,-118.10,-0.4436,0.1444,0.0789,0.6299,0.4797,0.0000,0.9885,0
19.500,720.7,241.36,-116.52,-0.4072,0.2648,0.0829,0.2724,1.8965,0.0000,0.5966,0
19.600,709.2,241.96,-113.93,-0.3843,0.4410,0.1270,0.2040,2.0782,0.0000,0.3751,0
19.700,698.0,242.53,-110.32,-0.3569,0.6065,0.1963,0.2018,2.0763,0.0000,0.2495,0
19.800,687.2,243.07,-105.51,-0.3333,0.7470,0.1850,0.0999,2.0616,0.0000,0.1747,0
19.900,677.0,243.60,-99.80,-0.3057,0.8528,0.2801,0.1447,1.7330,0.0000,0.1189,0
20.000,667.4,244.11,-93.19,-0.2745,0.9139,0.3324,0.1123,1.2178,0.0000,0.0806,0
20.100,658.4,244.58,-85.85,-0.2393,0.9488,0.4148,0.1288,0.8894,0.0000,0.0426,0
20.200,650.3,245.02,-77.68,-0.1954,0.9715,0.4666,0.1622,0.7036,0.0003,0.0038,0
20.300,643.0,245.40,-68.43,-0.1460,0.9863,0.4775,0.1243,0.5343,0.0044,-0.0216,0
20.400,636.7,245.73,-58.22,-0.0942,0.9950,0.5196,0.0576,0.3585,0.0266,-0.0292,0
20.500,631.5,246.01,-47.14,-0.0387,0.9992,0.6363,0.0140,0.2194,0.2061,-0.0292,0
20.600,627.4,246.22,-34.84,0.0254,0.9996,0.5940,0.0133,0.1322,0.1525,-0.0292,0
20.700,624.6,246.37,-21.86,0.0760,0.9969,0.4219,-0.0082,0.0618,0.0000,-0.0312,0
20.800,623.1,246.48,-9.32,0.1176,0.9928,0.3190,-0.0273,0.0290,0.0000,-0.0285,0
20.900,622.8,246.57,1.95,0.1360,0.9904,-0.0174,0.1330,0.0597,0.0000,-0.0433,0
21.000,623.5,246.68,9.85,0.1100,0.9930,-0.4027,0.2728,0.2408,0.0680,-0.0838,0
21.100,624.7,246.80,12.96,0.0691,0.9960,-0.4220,0.1487,-0.0262,0.9991,-0.0510,0
21.200,625.9,246.92,12.30,0.0280,0.9982,-0.4221,0.0432,-0.0242,1.0000,-0.0510,0
21.300,627.0,247.05,8.94,-0.0127,0.9986,-0.4218,0.0061,-0.0144,1.0000,-0.0510,0
21.400,627.6,247.19,3.66,-0.0533,0.9973,-0.4214,0.0527,-0.0081,1.0000,-0.0510,0
21.500,627.6,247.34,-3.00,-0.0940,0.9943,-0.4209,0.1038,-0.0030,1.0000,-0.0510,0
21.600,626.9,247.51,-10.66,-0.1346,0.9897,-0.4203,0.0788,0.0017,1.0000,-0.0510,0
21.700,625.4,247.70,-19.01,-0.1748,0.9834,-0.4196,0.0823,0.0053,1.0000,-0.0510,0
21.800,623.0,247.91,-27.85,-0.2147,0.9755,-0.4187,0.0722,0.0089,1.0000,-0.0510,0
21.900,619.8,248.16,-37.02,-0.2540,0.9661,-0.4178,0.0646,0.0113,1.0000,-0.0510,0
22.000,615.6,248.44,-46.40,-0.2931,0.9550,-0.4167,0.1303,0.0180,1.0000,-0.0510,0
22.100,610.4,248.75,-55.91,-0.3317,0.9424,-0.4154,0.1113,0.0265,1.0000,-0.0510,0
22.200,604.3,249.09,-65.47,-0.3694,0.9283,-0.4141,0.0731,0.0294,1.0000,-0.0510,0
22.300,597.2,249.47,-75.04,-0.4063,0.9127,-0.4126,0.0753,0.0286,1.0000,-0.0510,0
22.400,589.2,249.88,-84.57,-0.4425,0.8957,-0.4110,0.0763,0.0314,1.0000,-0.0510,0
22.500,580.2,250.32,-94.02,-0.4779,0.8774,-0.4093,0.0742,0.0337,1.0000,-0.0510,0
22.600,570.3,250.81,-103.37,-0.5123,0.8578,-0.4074,0.0566,0.0327,1.0000,-0.0510,0
22.700,559.5,251.32,-112.47,-0.5386,0.8416,-0.2267,0.1359,0.0417,1.0000,-0.0510,0
22.800,547.8,251.88,-120.66,-0.5608,0.8270,-0.2337,0.0789,0.0482,1.0000,-0.0510,0
22.900,535.3,252.48,-127.96,-0.5772,0.8156,-0.2072,0.0394,0.0456,0.4437,-0.0510,0
23.000,522.2,253.11,-134.16,-0.5824,0.8119,0.0579,0.0549,0.0401,0.0000,-0.0515,0
23.100,508.5,253.79,-137.47,-0.5428,0.8387,0.4768,0.0017,0.0618,0.0000,-0.0580,0
23.200,494.8,254.47,-136.74,-0.5017,0.8636,0.4197,-0.0055,0.0693,0.0000,-0.0642,0
23.300,481.3,255.13,-133.25,-0.4570,0.8877,0.4934,-0.0046,0.0503,0.0000,-0.0658,0
23.400,468.3,255.75,-127.52,-0.4119,0.9093,0.4924,0.0114,0.0262,0.0000,-0.0655,0
23.500,455.9,256.32,-120.08,-0.3624,0.9300,0.5760,0.0395,0.0425,0.0574,-0.0686,0
23.600,444.4,256.83,-111.05,-0.3145,0.9471,0.4902,0.0031,0.0287,0.0042,-0.0703,0
23.700,433.8,257.30,-101.41,-0.2743,0.9595,0.4858,-0.0400,-0.0055,0.0000,-0.0636,0
23.800,424.2,257.72,-91.43,-0.2307,0.9710,0.4902,-0.0276,-0.0460,0.0012,-0.0548,0
23.900,415.6,258.11,-81.02,-0.1890,0.9803,0.3543,0.0116,-0.0597,0.0000,-0.0480,0
24.000,408.0,258.46,-71.04,-0.1623,0.9853,0.2189,0.1771,0.0451,0.0000,-0.0704,0
24.100,401.4,258.80,-62.28,-0.1452,0.9873,0.1233,0.0907,0.1598,0.0000,-0.0972,0
24.200,395.6,259.12,-55.04,-0.1348,0.9879,0.0742,0.0471,0.1021,0.0000,-0.0959,0
24.300,390.4,259.43,-49.09,-0.1202,0.9890,0.2723,0.4063,0.1922,0.0000,-0.1357,0
24.400,385.8,259.69,-43.19,-0.0958,0.9874,0.3069,0.4427,0.6460,0.0000,-0.2616,0
24.500,381.8,259.89,-36.74,-0.0671,0.9777,0.4219,0.5544,0.8310,0.1429,-0.3261,0
24.600,378.6,260.01,-29.68,-0.0441,0.9651,0.2069,0.1519,0.5496,0.0000,-0.3626,0
24.700,375.9,260.11,-23.21,-0.0304,0.9552,0.1199,0.0672,0.2201,0.0000,-0.3334,0
24.800,373.9,260.24,-18.05,-0.0306,0.9626,-0.3473,-0.5992,-1.2694,1.0000,-0.1716,0
24.900,372.2,260.43,-16.05,-0.0472,0.9944,-0.0407,-0.0012,-1.9662,1.0000,-0.1716,0
25.000,370.7,260.63,-15.12,-0.0405,0.9937,0.0007,-0.2897,-1.9984,1.0000,-0.1716,0
25.100,369.2,260.83,-14.46,-0.0509,0.9534,0.0142,-0.5898,-1.9999,1.0000,-0.1716,0
25.200,367.8,261.01,-13.93,-0.0420,0.8758,0.1089,0.1965,-2.0000,1.0000,-0.1716,0
25.300,366.5,261.18,-12.25,-0.0289,0.7644,0.6919,-0.7013,-2.0000,1.0000,-0.1716,0
25.400,365.4,261.26,-9.02,-0.0216,0.6234,1.0135,-0.7896,-2.0000,1.0000,-0.1716,0
25.500,364.7,261.15,-5.22,-0.0190,0.4893,0.2473,-0.0907,-0.1668,0.0000,1.0225,0
25.600,364.4,261.10,-2.10,0.0044,0.5734,-0.0968,0.1482,1.8046,1.0000,1.0588,0
25.700,364.3,261.16,0.37,0.0072,0.7210,-0.0774,0.1034,1.9911,1.0000,1.0588,0
25.800,364.4,261.25,1.78,0.0087,0.8441,-0.1099,0.1363,1.9996,1.0000,1.0588,0
25.900,364.6,261.37,2.13,0.0083,0.9338,-0.0716,0.1224,2.0000,1.0000,1.0588,0
26.000,364.8,261.50,1.89,0.0078,0.9863,-0.0658,0.2592,2.0000,1.0000,1.0588,0
26.100,365.0,261.63,1.41,0.0065,0.9994,0.0137,0.7566,2.0000,0.9566,1.0588,0
26.200,365.1,261.70,1.32,0.0089,0.9986,0.0637,0.4710,-0.3767,0.0000,-0.1032,0
26.300,365.2,261.72,1.65,0.0135,0.9946,0.0426,0.2057,0.7621,0.0000,-0.2531,0
26.400,365.5,261.72,2.49,0.0170,0.9852,0.0220,0.0454,0.5433,0.0000,-0.2667,0
26.500,365.7,261.75,3.30,0.0160,0.9801,-0.0187,0.0325,0.0636,0.0000,-0.2031,0
26.600,366.1,261.81,3.72,0.0160,0.9817,-0.0091,0.0386,-0.1791,0.0000,-0.1539,0
26.700,366.5,261.89,3.89,0.0176,0.9868,-0.0679,-0.5229,-0.5121,0.0000,-0.0400,0
26.800,366.9,262.01,3.79,0.0184,0.9980,-0.0475,-0.4358,-1.2544,0.0000,0.1840,0
26.900,367.2,262.13,3.65,0.0183,0.9976,0.0132,-0.4386,-1.2044,0.0000,0.2914,0
27.000,367.6,262.21,3.79,0.0173,0.9854,0.0088,-0.1631,-0.8130,0.0000,0.3105,0
27.100,368.0,262.29,4.09,0.0158,0.9742,0.0486,-0.5189,-0.4773,0.0000,0.3218,0
27.200,368.4,262.32,4.43,0.0130,0.9606,0.0807,-0.4299,-0.5574,0.0000,0.3885,0
27.300,368.9,262.31,4.90,0.0123,0.9465,0.0352,-0.1378,-0.3180,0.0000,0.3785,0
27.400,369.4,262.31,5.31,0.0134,0.9428,0.0205,-0.0712,0.0543,0.0000,0.3204,0
27.500,369.9,262.34,5.53,0.0145,0.9489,0.0083,-0.0527,0.2845,0.0000,0.2613,0
27.600,370.5,262.39,5.60,0.0171,0.9589,0.0151,-0.0493,0.3632,0.0000,0.2157,0
27.700,371.1,262.45,5.60,0.0180,0.9689,-0.0000,-0.0468,0.3902,0.0000,0.1734,0
27.800,371.6,262.52,5.48,0.0185,0.9779,-0.0002,0.0348,0.4069,0.0000,0.1288,0
27.900,372.1,262.62,5.34,0.0235,0.9890,-0.0639,0.5700,0.9032,0.0000,-0.0439,0
28.000,372.7,262.74,5.21,0.0257,0.9991,-0.0185,0.3024,1.1925,0.0000,-0.1933,0
28.100,373.2,262.83,5.31,0.0271,0.9968,0.0269,0.3735,0.9593,0.0000,-0.2553,0
28.200,373.7,262.90,5.83,0.0292,0.9856,0.0699,0.4001,0.8843,0.0000,-0.3355,0
28.300,374.4,262.90,6.87,0.0322,0.9676,0.1415,0.4969,0.8022,0.0000,-0.4059,0
28.400,375.1,262.83,8.48,0.0367,0.9458,0.1696,0.4091,0.6737,0.0000,-0.4551,0
28.500,376.1,262.73,10.37,0.0412,0.9268,0.0828,0.1331,0.3546,0.0000,-0.4407,0
28.600,377.2,262.65,12.03,0.0453,0.9217,0.0516,0.0721,-0.0583,0.0000,-0.3767,0
28.700,378.5,262.61,13.25,0.0483,0.9294,0.0287,0.0494,-0.3185,0.0000,-0.3103,0
28.800,379.9,262.60,13.99,0.0504,0.9447,-0.0943,-0.2348,-0.6249,0.0000,-0.1974,0
28.900,381.3,262.65,13.97,0.0506,0.9707,-0.1254,-0.3942,-1.1279,0.0000,-0.0126,0
29.000,382.6,262.74,13.41,0.0493,0.9911,-0.0453,-0.0982,-1.0133,0.0000,0.0597,0
29.100,383.9,262.83,12.78,0.0478,0.9979,-0.0327,-0.0409,-0.6105,0.0000,0.0620,0
29.200,385.2,262.92,12.22,0.0466,0.9989,-0.0271,-0.0197,-0.2970,0.0000,0.0484,0
29.300,386.4,263.01,11.75,0.0455,0.9988,-0.0210,-0.4425,-0.2532,0.0000,0.0812,0
29.400,387.5,263.09,11.44,0.0450,0.9961,0.0016,-0.5729,-0.6639,0.0000,0.2157,0
29.500,388.7,263.09,11.35,0.0394,0.9867,0.0225,-0.7305,-0.7951,0.0701,0.2913,0
29.600,389.8,262.97,11.52,0.0351,0.9706,0.0801,-0.5211,-0.4244,0.0145,0.3019,0
29.700,391.0,262.73,12.28,0.0357,0.9388,0.2436,-0.7305,-1.7902,0.7485,0.3019,0
29.800,392.3,262.36,13.97,0.0323,0.9174,0.1518,-0.4609,0.4035,0.0353,0.3019,0
29.900,393.8,261.95,15.00,0.0302,0.9284,0.1643,-0.5598,0.0905,0.0801,0.3563,0
30.000,395.3,261.50,15.61,0.0304,0.9303,0.2446,-0.5439,-0.0323,0.1599,0.3563,0
30.100,396.9,261.00,16.50,0.0366,0.9270,0.2344,-0.4475,0.0332,0.0674,0.3563,0
30.200,398.6,260.48,17.59,0.0417,0.9258,0.1761,-0.3408,-0.1401,0.0000,0.4189,0
30.300,400.4,260.02,18.63,0.0458,0.9163,0.0843,-0.1398,-0.2510,0.0000,0.4556,0
30.400,402.3,259.67,19.45,0.0522,0.9098,0.0443,0.1707,0.0106,0.0000,0.4078,0
30.500,404.3,259.48,19.91,0.0570,0.9246,-0.1134,0.2188,0.6910,0.0000,0.2361,0
30.600,406.3,259.41,19.41,0.0567,0.9546,-0.0559,0.1197,0.9604,0.0000,0.1107,0
30.700,408.2,259.40,18.36,0.0558,0.9778,-0.0317,0.0245,0.8572,0.0000,0.0448,0
30.800,409.9,259.43,17.17,0.0549,0.9899,-0.0260,0.0064,0.6117,0.0000,0.0199,0
30.900,411.6,259.48,16.05,0.0542,0.9952,-0.0231,0.0021,0.4025,0.0000,0.0092,0
31.000,413.1,259.55,15.10,0.0537,0.9973,-0.0212,0.0007,0.2538,0.0000,0.0045,0
31.100,414.6,259.64,14.32,0.0542,0.9985,0.0436,0.6495,1.2927,1.0000,-0.0319,0
31.200,416.0,259.72,14.21,0.0601,0.9810,0.1516,0.7875,1.9667,1.0000,-0.0319,0
31.300,417.5,259.71,15.42,0.0687,0.9225,0.4806,0.7990,1.9984,0.9993,-0.0319,0
31.400,419.2,259.56,18.56,0.0800,0.8612,0.4241,0.5009,-0.0988,0.4714,-0.0319,0
31.500,421.2,259.29,22.62,0.1013,0.8229,0.8211,0.7542,1.6915,1.0000,-0.0319,0
31.600,423.8,258.87,27.99,0.1113,0.7343,0.4019,0.3374,-0.4716,0.3920,-0.0319,0
31.700,426.8,258.44,32.48,0.1208,0.8030,0.2181,0.1872,-0.2685,0.0000,-0.6223,0
31.800,430.3,258.06,35.79,0.1271,0.8090,0.1239,0.1114,-0.2262,0.0000,-0.5618,0
31.900,434.0,257.77,37.96,0.1315,0.8311,0.0172,-0.0098,-0.5965,0.0000,-0.4480,0
32.000,437.8,257.61,38.64,0.1318,0.8890,-0.3577,-0.6116,-1.7427,0.9653,-0.2725,0
32.100,441.6,257.58,37.28,0.1221,0.9594,-0.2344,-0.3443,-1.9872,0.9202,-0.2725,0
32.200,445.2,257.60,34.87,0.1138,0.9903,-0.1351,-0.4708,-0.7144,0.1951,-0.2725,0
32.300,448.6,257.61,32.39,0.1069,0.9892,-0.1173,-0.3427,-0.1588,0.0000,-0.0305,0
32.400,451.7,257.61,30.09,0.1007,0.9943,-0.0796,-0.1509,-0.7984,0.0000,0.1184,0
32.500,454.6,257.61,28.21,0.0960,0.9947,-0.0529,-0.0761,-0.6233,0.0000,0.1492,0
32.600,457.3,257.62,26.74,0.0928,0.9921,-0.0383,-0.0564,-0.3306,0.0000,0.1402,0
32.700,459.9,257.64,25.20,0.0772,0.9897,-0.1201,-0.0415,-0.8912,0.0000,0.1554,0
32.800,462.3,257.67,23.48,0.0758,0.9555,-0.0203,0.0500,-1.9449,1.0000,0.1554,0
32.900,464.6,257.72,22.56,0.0842,0.8799,0.3464,0.0336,-1.9973,1.0000,0.1554,0
33.000,467.0,257.77,24.70,0.1515,0.7600,0.9891,0.0138,-1.9999,1.0000,0.1554,0
33.100,469.8,257.73,31.47,0.2251,0.5990,1.0884,-0.0144,-2.0000,1.0000,0.1554,0
33.200,473.4,257.56,40.46,0.2794,0.4062,1.1036,-0.0472,-2.0000,1.0000,0.1554,0
33.300,477.9,257.26,49.06,0.3083,0.1922,1.1060,-0.0795,-2.0000,1.0000,0.1554,0
33.400,483.2,256.83,55.37,0.3097,-0.0316,1.1063,-0.1077,-2.0000,1.0000,0.1554,0
33.500,488.9,256.31,58.15,0.2843,-0.2529,1.0723,-0.1303,-2.0000,1.0000,0.1554,0
33.600,494.7,255.75,56.82,0.2353,-0.4597,1.0642,-0.1466,-2.0000,1.0000,0.1554,0
33.700,500.1,255.19,51.28,0.1646,-0.6428,1.0963,-0.1571,-2.0000,1.0000,0.1554,0
33.800,504.7,254.63,41.64,0.0758,-0.7922,1.1048,-0.1632,-2.0000,1.0000,0.1554,0
33.900,508.2,254.12,28.32,-0.0242,-0.8566,1.1061,-0.1561,-0.0666,1.0000,0.1554,0
34.000,510.2,253.70,12.10,-0.1208,-0.8495,1.0046,-0.1228,0.0020,1.0000,0.1554,0
34.100,510.4,253.40,-5.64,-0.2041,-0.8345,0.9074,-0.0954,0.0019,1.0000,0.1554,0
34.200,508.9,253.20,-23.85,-0.2811,-0.8122,0.9016,-0.0745,0.1814,1.0000,0.1554,0
34.300,505.5,253.11,-41.92,-0.3518,-0.7029,0.8950,-0.0361,1.8914,1.0000,0.1554,0
34.400,500.4,253.11,-58.57,-0.4062,-0.5354,0.8932,0.0123,1.9939,1.0000,0.1554,0
34.500,493.7,253.15,-72.72,-0.4449,-0.3394,0.9432,-0.1488,1.9997,1.0000,0.1554,0
34.600,485.8,253.17,-84.80,-0.5132,-0.1243,1.0056,-0.7326,2.0000,1.0000,0.1554,0
34.700,476.7,252.99,-95.91,-0.5779,0.0995,1.0816,-0.7936,2.0000,1.0000,0.1554,0
34.800,466.6,252.52,-105.34,-0.6150,0.3189,1.1023,-0.7994,2.0000,1.0000,0.1554,0
34.900,455.7,251.73,-112.31,-0.6201,0.5190,1.1057,-0.7999,2.0000,1.0000,0.1554,0
35.000,444.2,250.66,-116.42,-0.5925,0.6878,1.1063,-0.8000,2.0000,1.0000,0.1554,0
35.100,432.4,249.35,-117.64,-0.5338,0.8155,1.1064,-0.8000,2.0000,1.0000,0.1554,0
35.200,420.7,247.81,-116.08,-0.4472,0.8943,1.1064,-0.8000,2.0000,1.0000,0.1554,0
35.300,409.3,246.10,-111.83,-0.3379,0.9251,1.1064,-0.8000,0.5058,1.0000,0.1554,0
35.400,398.6,244.22,-102.86,-0.2174,0.9550,1.1091,-0.8024,0.0052,1.0000,0.1554,0
35.500,389.0,242.14,-88.53,-0.0911,0.9725,1.1323,-0.8211,0.0031,1.0000,0.1554,0
35.600,381.2,239.84,-69.92,0.0400,0.9756,1.1372,-0.8454,0.0031,1.0000,0.1554,0
35.700,375.3,237.35,-48.44,0.1416,0.9677,0.2198,-0.1644,0.0058,1.0000,-0.2116,0
35.800,371.5,235.35,-30.07,0.1403,0.9674,0.0238,0.0752,-0.0020,1.0000,-0.2116,0
35.900,369.3,234.12,-16.86,0.1202,0.9693,-0.1951,0.3537,-0.0178,1.0000,-0.2116,0
36.000,368.1,233.46,-8.51,0.0830,0.9733,-0.4156,0.1046,-0.0221,0.7570,-0.2116,0
36.100,367.5,233.09,-4.53,0.0475,0.9761,-0.3003,-0.2069,-0.0129,0.0352,-0.2116,0
36.200,367.1,232.83,-2.95,0.0325,0.9843,-0.1501,-0.1664,-0.9317,0.0000,0.0392,0
36.300,366.9,232.64,-1.77,0.0248,0.9986,-0.0449,-0.2420,-1.3992,0.0000,0.2250,0
36.400,366.8,232.50,-0.15,0.0240,0.9956,-0.0060,-0.3150,-1.2806,0.0000,0.3299,0
36.500,366.9,232.37,1.68,0.0192,0.9777,0.0133,-0.2767,-1.0883,0.0000,0.4107,0
36.600,367.1,232.26,3.47,0.0219,0.9543,0.2135,-0.3569,-0.7767,0.0000,0.4442,0
36.700,367.6,232.14,5.79,0.0324,0.9318,0.1486,-0.4683,-0.5471,0.0013,0.4665,0
36.800,368.3,231.96,8.04,0.0277,0.9147,0.1389,-0.4237,-0.3363,0.0000,0.4740,0
36.900,369.2,231.76,9.81,0.0287,0.9021,0.0848,-0.1762,-0.2443,0.0000,0.4870,0
37.000,370.3,231.62,11.06,0.0262,0.8947,0.1851,-0.4611,-0.1207,0.0106,0.4840,0
37.100,371.4,231.44,12.28,0.0332,0.8864,0.2310,-0.3772,-0.0582,0.0009,0.4876,0
37.200,372.7,231.22,13.52,0.0282,0.8830,0.0213,-0.4300,-0.0725,0.0000,0.5021,0
37.300,374.1,230.99,13.56,-0.0005,0.8793,-0.1540,-0.5417,-0.0733,0.0200,0.5088,0
37.400,375.4,230.73,11.62,-0.0442,0.8716,-0.2882,-0.4638,-0.3135,0.2263,0.5088,0
37.500,376.3,230.45,7.74,-0.0872,0.8487,-0.2782,-0.3530,-0.3862,0.2402,0.5088,0
37.600,376.8,230.20,2.47,-0.1308,0.8416,-0.3685,-0.4169,-0.0064,0.2028,0.5531,0
37.700,376.7,229.99,-4.21,-0.1579,0.8663,-0.0614,0.1616,1.6627,0.6646,0.5531,0
37.800,375.9,229.96,-10.95,-0.1520,0.9478,-0.0177,0.1651,2.3550,1.0000,0.5531,0
37.900,374.5,230.10,-17.19,-0.1498,0.9875,-0.0172,0.1157,2.4203,1.0000,0.5531,0
38.000,372.4,230.34,-22.89,-0.1717,0.9843,-0.4145,-0.0951,-0.1012,1.0000,-0.0105,0
38.100,369.8,230.61,-29.19,-0.2073,0.9779,-0.3568,0.1594,-0.1110,0.9806,-0.0105,0
38.200,366.5,230.93,-35.97,-0.2424,0.9700,-0.3019,0.1195,-0.0528,0.0000,-0.0105,0
38.300,362.6,231.29,-42.40,-0.2436,0.9697,0.3112,0.4481,0.2510,0.0000,-0.0855,0
38.400,358.1,231.72,-45.58,-0.2015,0.9779,0.4910,0.1160,0.5465,0.0000,-0.1586,0
38.500,353.6,232.15,-45.05,-0.1513,0.9844,0.6256,-0.3344,0.0240,0.2181,-0.1150,0
38.600,349.3,232.55,-41.06,-0.0900,0.9925,0.5444,-0.2884,-0.0691,0.1762,-0.1150,0
38.700,345.5,232.88,-34.33,-0.0234,0.9993,0.6378,-0.5422,-1.3774,0.8420,-0.1150,0
38.800,342.5,233.12,-25.56,0.0172,0.9996,0.1309,-0.6276,-0.2815,0.8037,-0.1150,0
38.900,340.4,233.29,-17.70,0.0208,0.9823,0.1836,-0.8432,-2.1497,1.0000,-0.1150,0
39.000,339.0,233.34,-10.93,0.0163,0.9455,0.1094,-0.7542,-0.4289,0.7045,-0.1150,0
39.100,338.2,233.27,-5.49,0.0132,0.9012,0.2576,-0.5830,0.1587,0.3751,-0.1150,0
39.200,337.9,233.11,-1.12,0.0227,0.9435,0.3171,-0.2741,0.2055,0.0040,0.3802,0
39.300,338.0,232.94,3.04,0.0485,0.9348,0.4159,-0.1397,-0.3358,0.0062,0.4250,0
39.400,338.6,232.79,8.35,0.0983,0.9182,0.5311,0.0021,-0.2589,0.0795,0.4296,0
39.500,339.8,232.68,15.40,0.1555,0.9048,0.4358,0.1492,-0.0959,0.0000,0.4195,0
39.600,341.8,232.62,23.04,0.1876,0.9009,0.2219,0.0447,0.1579,0.0000,0.3640,0
39.700,344.4,232.59,29.66,0.1946,0.9113,-0.1441,-0.0586,0.4437,0.0000,0.2773,0
39.800,347.6,232.60,33.81,0.1748,0.9328,-0.3509,-0.0849,0.5999,0.0000,0.1997,0
39.900,351.1,232.63,34.77,0.1406,0.9575,-0.3531,-0.0264,0.7153,0.0000,0.1160,0
40.000,354.5,232.68,33.30,0.1112,0.9768,-0.3882,0.0804,0.6999,0.0000,0.0491,0
40.100,357.7,232.76,30.01,0.0812,0.9905,-0.2840,0.1367,0.7014,0.0000,-0.0209,0
40.200,360.4,232.86,25.63,0.0494,0.9979,-0.3876,0.2248,0.6694,0.0000,-0.0857,0
40.300,362.7,232.98,20.05,0.0095,1.0000,-0.3938,0.2139,0.1373,0.0000,-0.0303,0
40.400,364.4,233.11,13.62,-0.0223,0.9995,-0.2960,0.0497,0.2768,0.0000,-0.0743,0
40.500,365.4,233.27,7.01,-0.0569,0.9977,-0.4241,0.0255,0.0157,0.1600,-0.0374,0
40.600,365.7,233.45,-0.31,-0.0987,0.9944,-0.4393,-0.0424,-0.0070,0.0680,-0.0374,0
40.700,365.2,233.65,-8.35,-0.1405,0.9894,-0.4389,-0.0523,-0.0110,0.0001,-0.0378,0
40.800,363.9,233.89,-16.89,-0.1820,0.9826,-0.4383,-0.1028,-0.0144,0.0041,-0.0375,0
40.900,361.8,234.15,-25.74,-0.2205,0.9749,-0.3963,-0.0853,-0.1971,0.0000,0.0135,0
41.000,358.7,234.45,-34.59,-0.2557,0.9667,-0.3487,-0.0919,-0.3034,0.0000,0.0527,0
41.100,354.8,234.79,-43.22,-0.2883,0.9573,-0.3212,-0.1033,-0.3124,0.0000,0.0799,0
41.200,350.0,235.16,-51.31,-0.3101,0.9496,-0.1880,-0.0525,-0.2236,0.0000,0.0837,0
41.300,344.5,235.57,-58.37,-0.3250,0.9438,-0.0950,-0.1244,-0.1614,0.0000,0.0906,0
41.400,338.3,236.02,-63.77,-0.3114,0.9475,0.3859,0.0098,-0.1333,0.0000,0.0942,0
41.500,331.8,236.51,-65.13,-0.2498,0.9648,0.5711,0.0860,-0.0562,0.0124,0.0917,0
41.600,325.4,236.98,-62.40,-0.2005,0.9760,0.3960,0.0637,0.0404,0.0000,0.0723,0
41.700,319.4,237.43,-57.66,-0.1591,0.9843,0.4743,0.0526,0.1277,0.0000,0.0501,0
41.800,314.0,237.83,-51.15,-0.1071,0.9922,0.4995,-0.0229,0.1035,0.0088,0.0460,0
41.900,309.3,238.17,-43.19,-0.0649,0.9962,0.3503,-0.0525,0.0191,0.0000,0.0570,0
42.000,305.4,238.48,-34.87,-0.0296,0.9976,0.2456,-0.0571,-0.0742,0.0000,0.0768,0
42.100,302.4,238.76,-26.77,0.0025,0.9970,0.3633,-0.1973,-0.2594,0.0000,0.1327,0
42.200,300.2,238.99,-18.46,0.0377,0.9937,0.3204,-0.0624,-0.2488,0.0000,0.1487,0
42.300,298.8,239.19,-10.24,0.0662,0.9896,0.2079,-0.1048,-0.2097,0.0000,0.1661,0
42.400,298.2,239.36,-2.70,0.0856,0.9853,0.1602,-0.1179,-0.1903,0.0000,0.1830,0
42.500,298.3,239.51,4.05,0.1071,0.9802,0.3183,-0.2669,-0.2214,0.0000,0.2155,0
42.600,299.0,239.61,10.93,0.1401,0.9690,0.4098,-0.3640,-0.4326,0.0024,0.2894,0
42.700,300.5,239.63,18.71,0.1793,0.9383,0.4538,-0.3881,-0.7137,0.2421,0.2976,0
42.800,302.9,239.57,27.23,0.2203,0.9232,0.5178,-0.1458,0.0042,0.1041,0.2976,0
42.900,306.1,239.47,36.23,0.2609,0.9137,0.4314,-0.1178,0.0832,0.0005,0.3027,0
43.000,310.2,239.35,44.82,0.2786,0.8796,0.0109,0.0643,-1.7687,0.0000,0.3161,0
43.100,315.0,239.28,51.23,0.2701,0.8167,-0.2039,-0.4811,-0.2626,0.1637,0.5045,0
43.200,320.3,239.20,54.41,0.2371,0.8233,0.0044,-0.3958,0.1907,0.0000,0.5025,0
43.300,325.9,239.09,55.92,0.2356,0.8305,0.3911,-0.3096,0.2160,0.0000,0.4913,0
43.400,331.6,238.94,58.18,0.2660,0.8236,0.6677,-0.2913,-0.2254,0.6063,0.5012,0
43.500,337.6,238.74,62.29,0.2989,0.8075,0.3478,-0.1233,0.1532,0.0000,0.5031,0
43.600,344.1,238.53,66.70,0.3130,0.8131,-0.0724,0.0365,0.3808,0.0000,0.4240,0
43.700,350.9,238.36,69.36,0.3018,0.8088,-0.0541,0.0749,-1.4759,0.0000,0.3293,0
43.800,357.9,238.24,70.82,0.3042,0.7004,-0.0767,-0.0252,-1.3044,0.0000,0.6554,0
43.900,365.0,238.14,71.13,0.2799,0.7486,-0.1577,-0.2197,1.4093,0.0000,0.3529,0
44.000,372.1,238.03,70.04,0.2701,0.7733,-0.0225,0.0333,-1.3276,0.0000,0.2808,0
44.100,379.0,237.95,69.04,0.2731,0.6503,-0.0122,0.0363,-2.1298,0.0000,0.2808,0
44.200,385.9,237.87,68.28,0.2685,0.6064,0.1465,-0.2641,0.6612,0.0000,0.6876,0
44.300,392.7,237.78,67.49,0.2568,0.6232,0.7062,-0.7040,-1.0814,1.0000,0.6107,0
44.400,399.4,237.60,67.64,0.2509,0.4515,1.1151,-0.7135,-2.0517,1.0000,0.6107,0
44.500,406.2,237.24,68.21,0.2409,0.2845,1.2033,-0.3470,-1.0715,1.0000,0.6107,0
44.600,413.1,236.76,68.84,0.2601,0.1943,0.8984,0.0054,-0.4395,1.0000,0.6107,0
44.700,420.0,236.32,69.77,0.2692,0.2402,0.0960,-0.0057,0.6733,0.0000,1.0583,0
44.800,427.0,236.01,70.51,0.2712,0.3578,-0.0518,0.0142,1.8671,0.0000,0.7127,0
44.900,434.1,235.80,70.84,0.2709,0.5443,-0.3850,0.2647,2.2275,0.0000,0.3105,0
45.000,441.1,235.67,70.06,0.2682,0.7157,-0.2275,0.1665,2.2622,0.0000,-0.0041,0
45.100,448.0,235.60,68.32,0.2633,0.8473,-0.1822,0.1696,2.2675,0.0000,-0.1362,0
45.200,454.8,235.54,66.12,0.2591,0.9318,-0.0969,0.1182,2.2483,0.0000,-0.1638,0
45.300,461.3,235.50,64.01,0.2530,0.9644,-0.1022,0.2038,1.4481,0.0000,-0.1758,0
45.400,467.5,235.45,61.96,0.2404,0.9693,-0.1489,0.5940,1.1792,0.0000,-0.2768,0
45.500,473.6,235.38,59.89,0.2308,0.9597,-0.0521,0.1794,0.8440,0.0000,-0.3036,0
45.600,479.5,235.30,58.20,0.2285,0.9497,0.0584,-0.0026,0.2835,0.0000,-0.2513,0
45.700,485.3,235.25,57.27,0.2365,0.9471,0.0253,0.0171,-0.1392,0.0000,-0.1815,0
45.800,491.0,235.21,56.80,0.2399,0.9511,0.0637,0.0181,-0.2942,0.0000,-0.1357,0
45.900,496.6,235.18,56.67,0.2421,0.9560,-0.1445,-0.0183,-0.3212,0.0000,-0.1002,0
46.000,502.3,235.15,56.18,0.2358,0.9630,-0.0200,0.0092,-0.3773,0.0000,-0.0571,0
46.100,507.9,235.14,55.97,0.2481,0.9636,0.0741,0.0029,-0.2587,0.0000,-0.0522,0
46.200,513.5,235.12,56.45,0.2566,0.9635,0.1160,-0.1806,-0.2333,0.0000,-0.0261,0
46.300,519.2,235.11,57.45,0.2687,0.9623,0.0639,-0.1674,-0.3500,0.0000,0.0279,0
46.400,525.0,235.10,58.17,0.2561,0.9666,-0.1250,-0.5035,-0.6253,0.1543,0.0966,0
46.500,530.8,235.07,58.12,0.2493,0.9621,-0.0282,-0.5297,-0.2481,0.0000,0.1348,0
46.600,536.6,235.00,57.91,0.2444,0.9572,-0.0158,-0.2102,-0.4895,0.0000,0.2528,0
46.700,542.4,234.91,57.69,0.2412,0.9489,0.0492,-0.5144,-0.4502,0.0000,0.3010,0
46.800,548.1,234.80,57.44,0.2281,0.9386,-0.2905,-0.1093,-0.4046,0.0000,0.3249,0
46.900,553.8,234.69,55.89,0.2022,0.9406,-0.1623,-0.1677,0.0496,0.0000,0.2619,0
47.000,559.3,234.60,53.71,0.2001,0.9431,0.0879,-0.0767,0.1300,0.0000,0.2449,0
47.100,564.6,234.53,52.26,0.2029,0.9461,0.0029,-0.0528,0.1830,0.0000,0.2201,0
47.200,569.7,234.47,51.22,0.2070,0.9453,0.0765,-0.0770,-0.7373,1.0000,0.2426,0
47.300,574.8,234.43,50.91,0.2106,0.8857,-0.0155,0.0713,-2.1637,1.0000,0.2426,0
47.400,579.9,234.40,51.41,0.2221,0.7609,0.7603,-0.7443,-2.2902,1.0000,0.4442,0
47.500,585.2,234.24,53.91,0.2332,0.5811,0.8533,-0.5790,-1.6587,1.0000,0.4442,0
47.600,590.7,234.02,56.67,0.2426,0.4212,0.0125,0.0739,-2.1913,1.0000,0.4442,0
47.700,596.5,233.85,58.07,0.2389,0.2785,0.9654,-0.1866,-0.7720,1.0000,1.0787,0
47.800,602.4,233.63,59.62,0.2632,0.2196,0.7924,-0.0429,-0.2915,0.9915,1.0787,0
47.900,608.4,233.37,61.63,0.2727,0.2616,0.3068,-0.0483,0.4571,0.0000,1.1035,0
48.000,614.7,233.17,63.51,0.2757,0.3424,0.0961,-0.0762,1.4276,0.0000,0.8118,0
48.100,621.1,233.01,64.75,0.2585,0.5095,-0.1378,-0.1136,2.2089,0.0000,0.5018,0
48.200,627.6,232.89,64.73,0.2491,0.6858,-0.0795,-0.0261,2.3325,0.0000,0.2819,0
48.300,634.0,232.79,63.67,0.2390,0.8275,-0.2168,0.1016,2.2208,0.0000,0.1187,0
48.400,640.3,232.74,61.30,0.2214,0.9204,-0.4197,0.3196,1.9972,0.0000,-0.0500,0
48.500,646.2,232.71,57.50,0.2008,0.9454,-0.0778,0.0386,-1.2882,1.0000,-0.1144,0
48.600,651.8,232.71,54.15,0.1994,0.8768,-0.0256,0.0134,-2.2537,1.0000,-0.1144,0
48.700,657.0,232.72,51.78,0.1995,0.7531,-0.0224,0.0107,-2.3421,1.0000,-0.1144,0
48.800,662.1,232.74,50.12,0.2001,0.5868,-0.0198,0.0061,-2.3497,1.0000,-0.1144,0
48.900,667.1,232.77,48.92,0.2009,0.3883,-0.0168,0.0006,-2.3497,1.0000,-0.1144,0
49.000,671.9,232.80,48.02,0.2017,0.1685,-0.0134,-0.0044,-2.3489,1.0000,-0.1144,0
49.100,676.7,232.84,47.31,0.2024,-0.0603,-0.0098,-0.0084,-2.3479,1.0000,-0.1144,0
49.200,681.4,232.88,46.75,0.2030,-0.2858,-0.0062,-0.0107,-2.3468,1.0000,-0.1144,0
49.300,686.0,232.92,46.33,0.2036,-0.4955,-0.0027,-0.0113,-2.3456,1.0000,-0.1144,0
49.400,690.6,232.97,46.05,0.2043,-0.6779,0.0003,-0.0102,-2.3443,1.0000,-0.1144,0
49.500,695.2,233.01,45.91,0.2050,-0.8232,0.0029,-0.0076,-2.3431,1.0000,-0.1144,0
49.600,699.8,233.06,45.88,0.2058,-0.9234,0.0048,-0.0037,-2.3418,1.0000,-0.1144,0
49.700,704.4,233.10,45.95,0.2067,-0.9732,0.0060,0.0010,-2.3406,1.0000,-0.1144,0
49.800,709.0,233.14,46.06,0.2075,-0.9699,0.0064,0.0062,-2.3393,1.0000,-0.1144,0
49.900,713.6,233.19,46.17,0.2081,-0.9138,0.0060,0.0114,-2.3381,1.0000,-0.1144,0
50.000,718.2,233.22,46.33,0.2272,-0.8101,0.0740,-0.7785,-2.3369,1.0000,-2.7662,0
50.100,722.9,233.21,46.74,0.2246,-0.7207,0.8176,0.3046,0.3445,1.0000,-2.7662,0
50.200,727.4,233.20,43.36,0.1224,-0.8252,0.4006,0.3133,1.3457,1.0000,-2.7662,0
50.300,731.5,233.22,37.85,0.1110,-0.9193,0.0123,0.0469,2.2470,1.0000,-2.7662,0
50.400,735.0,233.28,33.76,0.1109,-0.9812,0.0025,0.0444,2.3275,1.0000,-2.7662,0
50.500,738.2,233.36,31.05,0.1119,-0.9911,0.0029,0.0394,2.3328,1.0000,-2.7662,0
50.600,741.2,233.47,29.41,0.1137,-0.9473,0.0028,0.0300,2.3308,1.0000,-2.7662,0
50.700,744.1,233.58,28.47,0.1159,-0.8525,0.0019,0.0189,2.3279,1.0000,-2.7662,0
50.800,746.9,233.69,27.93,0.1180,-0.7119,0.0003,0.0078,2.3246,1.0000,-2.7662,0
50.900,749.7,233.81,27.56,0.1197,-0.5334,-0.0020,-0.0020,2.3213,1.0000,-2.7662,0
51.000,752.4,233.93,27.23,0.1207,-0.3265,-0.0047,-0.0100,2.3179,1.0000,-2.7662,0
51.100,755.1,234.05,26.89,0.1211,-0.1025,-0.0078,-0.0157,2.3145,1.0000,-2.7662,0
51.200,757.8,234.17,26.53,0.1207,0.1267,-0.0110,-0.0191,2.3110,1.0000,-2.7662,0
51.300,760.4,234.29,26.19,0.1200,0.3488,-0.0141,-0.0204,2.3075,1.0000,-2.7662,0
51.400,763.0,234.42,25.88,0.1190,0.5521,-0.0170,-0.0196,2.3039,1.0000,-2.7662,0
51.500,765.6,234.54,25.63,0.1178,0.7259,-0.0196,-0.0172,2.3004,1.0000,-2.7662,0
51.600,768.2,234.67,25.46,0.1168,0.8613,-0.0216,-0.0135,2.2968,1.0000,-2.7662,0
51.700,770.7,234.80,25.34,0.1146,0.9495,-0.1306,-0.1481,1.4956,1.0000,0.3086,0
51.800,773.2,234.92,24.02,0.0637,0.9567,-0.4331,-0.8114,-0.0956,1.0000,0.3086,0
51.900,775.4,234.99,19.82,0.0048,0.9560,-0.4412,-0.0599,-0.0475,1.0000,0.3086,0
52.000,777.1,235.06,13.84,-0.0284,0.9544,-0.4312,0.6043,-0.0252,1.0000,0.3086,0
52.100,778.1,235.21,7.35,-0.0461,0.9524,-0.4323,0.6862,-0.0048,1.0000,0.3086,0
52.200,778.5,235.37,0.71,-0.0698,0.9502,-0.4242,0.4801,0.0095,1.0000,0.3086,0
52.300,778.2,235.51,-6.15,-0.0977,0.9472,-0.4304,0.2962,0.0183,1.0000,0.3086,0
52.400,777.2,235.63,-13.17,-0.1218,0.9436,-0.4049,0.5194,0.0287,1.0000,0.3086,0
52.500,775.5,235.73,-20.11,-0.1499,0.9392,-0.4340,0.2224,0.0382,1.0000,0.3086,0
52.600,773.1,235.84,-27.27,-0.1839,0.9334,-0.4278,0.1768,0.0346,1.0000,0.3086,0
52.700,770.0,236.00,-34.02,-0.1948,0.9384,-0.0356,0.0027,0.4813,0.0000,0.1872,0
52.800,766.3,236.24,-38.88,-0.1955,0.9537,-0.0174,-0.0035,0.6441,0.0000,0.1089,0
52.900,762.2,236.54,-42.13,-0.1957,0.9660,-0.0161,-0.0032,0.5788,0.0000,0.0645,0
53.000,757.9,236.88,-44.28,-0.1958,0.9734,-0.0157,-0.0025,0.4524,0.0000,0.0391,0
53.100,753.4,237.23,-45.70,-0.1959,0.9772,-0.0154,-0.0018,0.3293,0.0000,0.0243,0
53.200,748.7,237.61,-46.65,-0.1960,0.9791,-0.0151,-0.0012,0.2298,0.0000,0.0157,0
53.300,744.0,238.00,-47.16,-0.1880,0.9815,0.1175,0.0391,0.1846,0.0000,0.0013,0
53.400,739.3,238.40,-46.81,-0.1796,0.9836,0.0378,0.0087,0.1990,0.0000,-0.0188,0
53.500,734.7,238.79,-46.16,-0.1756,0.9845,0.0178,0.0146,0.1573,0.0000,-0.0272,0
53.600,730.1,239.18,-45.48,-0.1730,0.9848,0.0076,0.0134,0.0956,0.0000,-0.0272,0
53.700,725.6,239.57,-44.85,-0.1712,0.9851,0.0006,0.0099,0.0386,0.0000,-0.0228,0
53.800,721.1,239.97,-44.29,-0.1679,0.9856,0.0980,-0.0058,-0.0019,0.0000,-0.0170,0
53.900,716.7,240.35,-43.23,-0.1515,0.9883,0.1167,-0.0271,-0.0164,0.0000,-0.0138,0
54.000,712.5,240.73,-41.60,-0.1433,0.9895,0.0453,-0.0049,-0.0251,0.0000,-0.0107,0
54.100,708.4,241.10,-40.01,-0.1385,0.9902,0.0245,0.0036,-0.0143,0.0000,-0.0109,0
54.200,704.5,241.47,-38.62,-0.1353,0.9907,0.0118,0.0047,-0.0122,0.0000,-0.0098,0
54.300,700.7,241.83,-37.44,-0.1331,0.9910,0.0034,0.0038,-0.0160,0.0000,-0.0076,0
54.400,697.0,242.19,-36.48,-0.1316,0.9912,-0.0023,0.0026,-0.0200,0.0000,-0.0050,0
54.500,693.4,242.54,-35.71,-0.1306,0.9914,-0.0063,0.0017,-0.0216,0.0000,-0.0027,0
54.600,689.9,242.89,-35.11,-0.1298,0.9915,-0.0090,0.0010,-0.0207,0.0000,-0.0008,0
54.700,686.4,243.23,-34.64,-0.1293,0.9916,-0.0108,0.0006,-0.0181,0.0000,0.0006,0
54.800,682.9,243.58,-34.28,-0.1289,0.9916,-0.0121,0.0004,-0.0149,0.0000,0.0015,0
54.900,679.5,243.92,-34.02,-0.1287,0.9917,-0.0131,0.0002,-0.0117,0.0000,0.0022,0
55.000,676.1,244.25,-33.82,-0.1285,0.9917,-0.0137,0.0001,-0.0088,0.0000,0.0026,0
55.100,672.8,244.59,-33.68,-0.1283,0.9917,-0.0142,0.0001,-0.0064,0.0000,0.0029,0
55.200,669.4,244.93,-33.57,-0.1282,0.9917,-0.0145,0.0000,-0.0046,0.0000,0.0031,0
55.300,666.0,245.26,-33.51,-0.1281,0.9918,-0.0147,-0.0000,-0.0032,0.0000,0.0032,0
55.400,662.7,245.59,-33.46,-0.1280,0.9918,-0.0149,-0.0000,-0.0022,0.0000,0.0033,0
55.500,659.3,245.92,-33.43,-0.1280,0.9918,-0.0151,-0.0000,-0.0015,0.0000,0.0033,0
55.600,656.0,246.25,-33.42,-0.1279,0.9918,-0.0152,-0.0000,-0.0010,0.0000,0.0033,0
55.700,652.7,246.58,-33.42,-0.1279,0.9918,-0.0152,-0.0000,-0.0006,0.0000,0.0033,0
