iter	date	question	action	gate	key_metrics	status	note
0	2026-07-16	Q0	baseline instrument (seads_harness comfort)	262/262	turnsteady oblique 96.1deg converged=0; tap converged_ticks=-1; ovr converged_ticks=-1(6s win) updebt@release 111.0deg settle 107t; immelmann updebt 180.0; splits updebt 180.0; loopx3 ~0.00; recovery settle 0t (nothing to retire); nan 0 crash 0 all	keep	instrument landed; attribution numbers confirm all three mechanisms
1	2026-07-16	Q2	research memo (Sonnet, web)	n/a	n/a	knowledge	docs/comfort_research.md; TOP-6 recs; composition caution (mitigations can interact badly)
2	2026-07-16	Q1	attribution mechanism analysis (code) + numbers	n/a	see iter 0	knowledge	docs/comfort_attribution.md; no orient verb exists; lag-vs-rotating-target; up-debt single obscure trigger; loop nausea = the DURING
3	2026-07-16	Q3+Q4	S-orient ORIENT verb (double-tap freelook): aim:=guarded velocity + camera hard-cut + release-edge S7-hrz roll; red-team SOUND-WITH-FIXES folded (P0 0-tick-frame latch, P0 default-off 0.0, P1 dead capture deleted + honest fixture)	274/274	oblique 95.8->0.23deg at fire; updebt settle 62t via release edge; baselines bit-identical; orient inert at default-off	keep	AWAITING-FLY card 1; Q4 auto-upright-detector REJECTED by inquisitor (S7-hrz is sanctioned as a PLAYER action, never autonomous - the code comment is the constitution); retirement = the second tap release edge
4	2026-07-16	Q5	S-cues ghost horizon (level-line + center gap + sky-side ticks) + bank arc (bank_full); red-team SOUND-WITH-FIXES folded (P0 folded-phi wings-level-while-inverted killed via bank_full; P1 mutation-honest gap test, projection fork killed via shared camera_screen_basis, signed roll test, sky-tick inversion cue)	285/285	smoke shots eyeball-PASS x2; instrument bit-identical; alphas ship 0.0=off	keep	AWAITING-FLY card 2; fly values 0.20/0.30/0.35
5	2026-07-16	Q6+Q7	S-carets edge threat indicators + COMPOSED scenario (immelmann 180deg + orient verb -> 0.04deg oblique, converged 113t)	293/293	caret shot eyeball-PASS; baselines bit-identical	keep	AWAITING-FLY card 3
6	2026-07-16	Q6+Q7	caret red-team SOUND-WITH-FIXES folded: P0 display-NDC azimuth (0.458-shift teleport killed), P1 identity skip (six-oclock hole closed), P1 hysteresis band 0.05 (gunsight-strobe lesson), P1 shared tap cadence (orient scenario was silently disarmed - now live, reproduces row 3)	296/296	orient 0.226deg/62t LIVE; composed 0.044deg/113t; baselines bit-identical	keep	program success bar met: 3 candidate mechanisms landed + red-teamed + fly-carded
7	2026-07-17	Chad-fly	COMFORT MODE ON (orient 0.30, horizon 0.20, arc 0.35, caret 0.5) + S-freelook360: yaw_max=0 = UNLIMITED wrapped orbit (render::wrap_pi, release decays the short way; loader accepts 0; committed-table pin updated; overhead pitch stays pole-capped ~75deg structurally)	298/298	instrument baselines unchanged, orient live; comfort_mode_shot eyeball-PASS (all 3 cue sets in frame)	keep	Chad flying; test-name lesson: Catch2 names with ] or , break CMake discovery into one bundled entry
8	2026-07-17	Chad-style	slag-orange horizon/bank-arc + ghost pitch LADDER (+-15/30/45, single-source ghost_plane_segments) + REC-6 cockpit rest frame (cue_cockpit_alpha 0.35 ON); draw-only	309/309	baselines bit-identical; comfort_style_shot eyeball-PASS (frame subtle, center clean); red-team DEFERRED to v4 session (cosmetics)	keep	if orange reads faint: raise cue_horizon_alpha 0.20->0.35
