stage	status	gate	goldens_moved	fable_verdict	commit	note
PLAN	PLAN	n/a	n/a	SOUND-WITH-FIXES (2×P0 + P1 folded)	83b850ed9	Fable-before: CC2 negative-mod P0, CC3 single-clock front P0, wrapped-phase-as-float + camera-facing billboard P1s folded into copper_cliff_plan.md
CC1	AWAITING-FLY	build+ctest 380/380	0	SOUND (1×P1 folded: hash1 unsigned)	09fdfae4e	Superstack mono plume, 28 alpha billboard puffs, pure-phase wrapped in the app; A/B (SEADS_NO_SMOKE) confirms the column is the smoke; reads bright vs the night sky (opacity/color/drift are the fly-dials)
CC2	AWAITING-FLY	build+ctest 380/380	0	SOUND (1×P1 folded: exact-L OOB)	8429d2007	loco + 8 slag pots on a hand-authored CLOSED spur (~3.8km), arc-length pose from a wrapped t_cel phase, mono steel; Chaikin-smoothed track draped on the height field; A/B (SEADS_NO_TRAIN) confirms the car chain; dusk shot reads small (steel is sun-lit, [train] color/ambient/rate + close fly are the dials)
CC3	AWAITING-FLY	build+ctest 380/380	0	SOUND (1×P1 folded: supply plateau)	8d6993e94	MARQUEE: dark mound + tipping pot + 3 molten lava rivers; WARM-CHROMA exception (single-sourced heat, single-clock advancing front + supply plateau, night-brightest); A/B (SEADS_NO_SLAG) + sat-mask confirm the orange passes the split-tone gate unsilvered; [slag] glow/rivers/mound + pour_rate the dials
DONE	STOP	all 3 AWAITING-FLY	0	3×Fable-before + 3×Fable-after	8d6993e94	Living Copper Cliff complete: CC1 smoke + CC2 trains + CC3 slag pour all built/gated/Fable-vetted/committed AWAITING-FLY; program.md stop clause reached
CC3-refine	AWAITING-FLY	build PASS	0	n/a (cosmetic mesh refine)	6dc0fca37	Chad fly-note: pour looked like 3 straight bars + cycled too fast. build_lava_mesh -> narrow-at-source, fan-out+widen alluvial fan, leading center vertex (round front that overtakes itself), rounded toe, meandering edges, steps 10->16; pour_rate_hz 0.05->0.02 (~50s/pour), rivers 3->5, halfwidth 7->5. vD stays [0,1] so the single-clock shader is untouched
DEFERRED-lengthen-hill	DEFERRED	n/a	n/a	n/a	—	Chad 2026-07-12: extend the slag MOUND into a longer slag RIDGE/mountain along the dump edge (the real INCO dump is a man-made range, not one cone). Grow build_mound_mesh into a ridge; keep the pour face aimed NW
DEFERRED-rail-dump	DEFERRED	n/a	n/a	n/a	—	Chad 2026-07-12: extend CC2 so the loco+pots run to the dump edge and TIP the pots (like CC3's static pot) to FEED the pour, synced to the pour phase — the train delivers + dumps, not just loops the spur
DEFERRED-big-nickel	DEFERRED	n/a	n/a	n/a	—	Chad 2026-07-12 (NEW hero): the Big Nickel — the giant 9 m nickel-coin monument at Dynamic Earth (~46.4693,-81.0207, Big Nickel Rd SW of downtown). Procedural hero like the Superstack (a thin vertical disc/coin on a plinth), mono steel; add to offline_tool/sudbury_hero.py
PLAN	PLAN	n/a	n/a	SOUND-WITH-FIXES (2xP0 + 7xP1 folded)	world-cc4-ridge	Fable-before CC-EXP: F1 ghost-pour gate P0, F2 angular-not-metres crest-point P0, F3 single-source h(z)+y0(z) drape, F4 back-toe taper, F5 C1 bump^2, F6 rigid pot rotation + separate mesh, F7 argmax s_dump, F8 car_gap 24m pour cadence, F9 lava samples h(z) — folded into copper_cliff_plan.md
CC4	AWAITING-FLY	build+ctest 413/413	0	SOUND-WITH-FIXES (1xP1 folded: run taper single-source)	world-cc4-ridge	LENGTHEN THE HILL: the CC3 cone mound -> a 700m LINEAR slag RIDGE (flat crest carries the track + steep 35deg pour face aimed NW + tapered ends, single-source h(z)/y0(z)); lava re-fit to the linear face (F9 per-vertex h(z)); the CC2 train now rides the crest via ridge_lift_at (F3 single-source, Fable-AFTER folded the run-taper fork). [slag] ridge_length_m/crest_width_m/face_angle_deg the dials. Smoke shots/cc4_*: ridge reads as a linear range, orange pour glows on the NW face at night (chroma passes). Kernel untouched, 0 goldens
CC5	AWAITING-FLY	build+ctest 413/413	0	SOUND-WITH-FIXES (1xP1 folded: s_dump segment-refine)	world-cc5-dumptrain	THE DUMP TRAIN: steeplecab trolley loco + pantograph + giant tapered steel POTS on trunnion cradles (2/car); the spur DUMP LEG rerouted ATOP the ridge crest (F2 angular insert, spur 3321->3951m); each pot TIPS ~120deg over the dump edge (F5 C1 bump, F6 rigid rotation about the fwd trunnion toward +face); the CC3 lava SINGLE-CLOCKED off the train HEAD (train_dump_phase F1 gate) so the pots FEED the pour, CC3 static pot dropped when coupled; graceful A/B fallback. Fable-AFTER folded the s_dump vertex-snap so pots pour OVER the lava not at its edge. [train] car_gap_m(24)/tip_span_m the pour-cadence dials. Smoke shots/cc5_*: train strung on the crest, orange pour cascades directly below it. 0 goldens, kernel untouched
CC-EXP	STOP	all AWAITING-FLY	0	2xFable-before + 2xFable-after	a83ebf484	DUMP EXPANSION complete: CC4 slag ridge + CC5 dump train (proper loco + giant steel pots tipping to feed the pour) both built/gated/Fable-vetted/committed AWAITING-FLY; the two DEFERRED-lengthen-hill/DEFERRED-rail-dump rows are resolved. Chad flies Copper Cliff at night; #1 open decision = pour cadence (train.rate_hz vs the standalone-CC3 fallback)
CC6-1	slag ridge CLIMBABLE ramp	Chad fly: train can't climb a steep hill. Reshaped ridge_endtaper (single source: mesh+lava+track drape) -> long gradual ramp up + flat crest + long shallow descent; ridge 700->1000m (grade ~6.6deg); spur routed end-to-end (crest pts 0.98*half_len) so the track climbs on. commit 9641a81a6	AWAITING-FLY	gate 413/413, 0 goldens. build clean, ridge reads as a long ridge w/ sloped ends from above
CC6-3	reposition off the road (ACCURATE)	Chad: dump faces NW, in the OPEN area N of the stack (S of Regional Rd 15), track from the smelter, "research the exact extent/location/orientation". Researched real INCO geography (slag departs the smelter EAST end; Superstack 46.4801,-81.0565); OSM-openness scan picked the building/road-free slag flats at 46.494,-81.0455 (~650-700m clear, N of stack). New offline_tool/cc_track.py -> shared render/copper_cliff_geo.h (kills the slag.cpp/train.cpp dir DUPLICATION). Self-check: crest axis 43deg NE, pour face 313deg NW, track anchored at the smelter. commit f1630d368	AWAITING-FLY	gate 413/413, 0 goldens. Recon: ridge in open ground N of town, off the roads. Fly-dial: edit cc_track.py, re-run, paste dirs
CC6-4	TERRACED black slag MESA	Chad "accurate to reference": real dump is a flat-topped BENCHED black range, not a smooth lozenge. ONE normalized face_profile (knots face_xf/face_yf) = single source for the mesh + lava + ridge_lift_at drape (Fable P0: 3rd consumer); B risers+treads, MEAN slope=angle of repose; crest widened to a 36m mesa; slag darkened. New [slag] benches dial [1..5]. Fable-BEFORE SOUND-WITH-FIXES + Fable-AFTER SOUND (P2-1/P2-2 folded). commit 9aac92258	AWAITING-FLY	gate 413/413, 0 goldens. darker flatter mesa; terraces read subtly (near-black slag) + traced by the lava at night
CC6-2	visible RAILS/track	Chad "a track to move on". Static build_rails(): 2 draped rail ribbons (std gauge) + cross-ties every ~6m, sampled every ~4m via the SAME point_at as the cars (so they climb the crest, no fork). point_at hoisted above build_train_renderer. ~8.3k verts. Fable-AFTER SOUND (P2-a make_mesh ushort tripwire + P2-b shared tangent-eps folded). commit 6baaad045	AWAITING-FLY	gate 413/413, 0 goldens. track reads as a clear line running the crest lengthwise + the loop across the open ground
CC6-5	Blender loco + giant pots	Chad "build with blender". Replaced the box-loco + cone-pot with reference-true glTF (assets/coppercliff/{loco,slag_pot}.glb): STEEPLECAB electric loco (chassis+steeple cab+hoods+pantograph) + GIANT tapered thick-walled cast-steel POT (wider at rim, trunnions, hollow), export_yup=False (SEADS frame), pot origin at the trunnion pivot. Loaded via the bf109-fleet path with procedural fallback; potcar stays procedural. Fable-AFTER SOUND (P2-a/b folded). commit 3de3c4720	AWAITING-FLY	gate 413/413, 0 goldens. pots render as round ladles (2/car) tipping to feed the pour
CC7-church	church setback off Errington	AWAITING-FLY	413/413	0	n/a (geometry data bump)	f418db6e8	Chad: church front still read as ON Errington. setback_m 22->45 in sudbury_hero_place.py; regen sudbury_hero.gen.h (lock 0x99061E1583D34607). Shifts back -fwd into the lot; front-lawn buffer. Fly-dial.
CC7-pour	SLOW BRAIDED slag pour	AWAITING-FLY	413/413	0	Fable BEFORE SOUND-WITH-FIXES + AFTER SOUND	93ad60f5a	Chad: braided river + slow ooze ("raced down in ~1s"). Lava FS front = convex pow(vD,1.6) over [0.06,0.72]=0.66 of cycle (~2x descent), tau 0.055, wrap-safe (ext 0.973). build_lava_mesh -> anastomosing braid (weave+freq-jitter+alt-fan cross, width pulse split/merge, per-thread lift eps*rv, shared face profile, vD unchanged). rivers 5->8; car_gap_m 24->36 (cadence). train.cpp ghost-pour guard. Fly: car_gap_m/rate_hz = pour speed. Evidence shots/cc7_braided_pour_*.png
